Author,Title,URL,search_keyword,duration_sec
Hannah Morris Bouldering,I Trained Like A Professional Climber for 40 DAYS,https://www.youtube.com//watch?v=txGhHkbPjCk&pp=ygURY2xpbWJpbmcgdHJhaW5pbmc%3D,climbing training,960
HoseokClimb,My Rock Climbing Training Routine to V8 Revealed (Beginner to Intermediate),https://www.youtube.com//watch?v=IHHEKcfVIsg&pp=ygURY2xpbWJpbmcgdHJhaW5pbmc%3D,climbing training,1434
Hooper's Beta,How to Train for Climbing [Full Body Guide ft. Dan Beall],https://www.youtube.com//watch?v=Iy8wi_u5oFI&pp=ygURY2xpbWJpbmcgdHJhaW5pbmc%3D,climbing training,4149
Adam Ondra,Climb Smart: Boulder Training Efficiency ‚ö° | Tips & Tricks by Adam Ondra,https://www.youtube.com//watch?v=SLJTwFQE10A&pp=ygURY2xpbWJpbmcgdHJhaW5pbmc%3D,climbing training,1402
Adam Ondra,Most Climbers Should Train LIKE THIS | Adam Ondra & Magnus Midtb√∏,https://www.youtube.com//watch?v=xCu89k1aGWo&pp=ygURY2xpbWJpbmcgdHJhaW5pbmc%3D,climbing training,1708
Lattice Training,Learn 100+ Climbing Techniques With Just 4 Movement Concepts,https://www.youtube.com//watch?v=a8DTOztiuLM&pp=ygURY2xpbWJpbmcgdHJhaW5pbmc%3D,climbing training,1052
Lattice Training,We Asked 6 STRONG Climbers How To Train Finger Strength,https://www.youtube.com//watch?v=PXT05KLawLk&pp=ygURY2xpbWJpbmcgdHJhaW5pbmc%3D,climbing training,724
Magnus Midtb√∏,How to maintain Climbing Fitness with very little effort  - Training routine,https://www.youtube.com//watch?v=yomjU8ePIaI&pp=ygURY2xpbWJpbmcgdHJhaW5pbmc%3D,climbing training,975
Ape Climbing,Indoor climbing training - feat. Zanias - Duneskipper,https://www.youtube.com//watch?v=uwEnHO40IZs&pp=ygURY2xpbWJpbmcgdHJhaW5pbmc%3D,climbing training,343
Lattice Training,"How To Avoid The ""Intermediate Climber"" Plateau",https://www.youtube.com//watch?v=KBN9MrzXu0U&pp=ygURY2xpbWJpbmcgdHJhaW5pbmc%3D,climbing training,1409
Lattice Training,This Will Change Climbing Training Forever - Yves Arm-Lifting Method,https://www.youtube.com//watch?v=nhyk765nw-8&pp=ygURY2xpbWJpbmcgdHJhaW5pbmc%3D,climbing training,1284
Lattice Training,Getting Stronger Quickly as a Beginner!,https://www.youtube.com//watch?v=pi6B3b0s7_U&pp=ygURY2xpbWJpbmcgdHJhaW5pbmc%3D,climbing training,628
Alexander Megos,How to get STRONG FINGERS with Alex Megos,https://www.youtube.com//watch?v=ETs6CLcBmWI&pp=ygURY2xpbWJpbmcgdHJhaW5pbmc%3D,climbing training,747
Lattice Training,The Only Training Video Climbers Need for Exercises Selection!,https://www.youtube.com//watch?v=cwhntbwNsBQ&pp=ygURY2xpbWJpbmcgdHJhaW5pbmc%3D,climbing training,824
MAMMUT,Crazy Climbing Training Routine üßó‚Äç‚ôÄÔ∏è,https://www.youtube.com//shorts/nAm99HwhRms,climbing training,33
Hooper's Beta,How to Train Finger Strength for Climbing [Block Pulls Guide],https://www.youtube.com//watch?v=I_-YapmymjA&pp=ygURY2xpbWJpbmcgdHJhaW5pbmc%3D,climbing training,1986
Jonathan Sin ÂÜºÊ¥õÊ≠£ Climbing,I TRAINED like a PRO CLIMBER for 6 Months,https://www.youtube.com//watch?v=QsG1Rmz2uE8&pp=ygURY2xpbWJpbmcgdHJhaW5pbmc%3D,climbing training,920
Lattice Training,Try this Exercise! Power Endurance Training for Climbing,https://www.youtube.com//watch?v=Y6BxtLXfAFI&pp=ygURY2xpbWJpbmcgdHJhaW5pbmc%3D,climbing training,452
Movement for Climbers,Home Workout | Rebalance & Rebuild Your Body!,https://www.youtube.com//watch?v=ChGP5ahvvN4&pp=ygURY2xpbWJpbmcgdHJhaW5pbmc%3D,climbing training,602
Sport Climbing TV,by Stefano Ghisolfi üáÆüáπ @steghiso (inst.) #climbing #bouldering #boulder #—Å–∫–∞–ª–æ–ª–∞–∑–∞–Ω–∏–µ #–±–æ—É–ª–¥–µ—Ä–∏–Ω–≥,https://www.youtube.com//shorts/tTGg-FJl6Hs,climbing training,27
Gabriel Clark,Climbing and balancing on these rails. üêà‚Äç‚¨õ,https://www.youtube.com//shorts/I4Mdi9RJ8v4,climbing training,41
Mary Falconer Bouldering,"Endurance training this evening, so much fun getting pumpedüí™üßó‚Äç‚ôÇÔ∏è #climbing #bouldering #fyp„Ç∑",https://www.youtube.com//shorts/ZadKg_Aoxxc,climbing training,59
Galaxyshark,Look Mom! No hands! #bouldering #climbing #beta #parkour #hack #funny #break #indoor #workout #tall,https://www.youtube.com//shorts/3MiN7MmmMho,climbing training,31
Depot Climbing,People of Depot Climbing Isaac Hilson Climbing Staff,https://www.youtube.com//watch?v=Oh8n0hoYYO0&pp=ygURY2xpbWJpbmcgdHJhaW5pbmc%3D,climbing training,203
Vlogger Vai Bishal ,the most awaited day/wall climbing vlogüßó‚Äç‚ôÇÔ∏èüßó‚Äç‚ôÄÔ∏ènathm trekking guide training summary vlogüöµ‚Äç‚ôÇÔ∏èüßó‚Äç‚ôÄÔ∏è,https://www.youtube.com//watch?v=1CdcD3r0EW0&pp=ygURY2xpbWJpbmcgdHJhaW5pbmc%3D,climbing training,503
Hard Is Easy,Training VS Just Climbing,https://www.youtube.com//watch?v=WpJrx-z1qkw&pp=ygURY2xpbWJpbmcgdHJhaW5pbmc%3D,climbing training,1672
Hooper's Beta,How to Start Strength Training for Climbing like a Minimalist,https://www.youtube.com//watch?v=nYvrEIcHhOE&pp=ygURY2xpbWJpbmcgdHJhaW5pbmc%3D,climbing training,646
Lattice Training,Climbing's Most MISUNDERSTOOD Training Method,https://www.youtube.com//watch?v=s9xFZ1epi2U&pp=ygURY2xpbWJpbmcgdHJhaW5pbmc%3D,climbing training,556
Hooper's Beta,Why 'Just Climbing' Isn't Enough,https://www.youtube.com//shorts/m_6EVvIRcXU,climbing training,39
Movement for Climbers,"Bouldering Progression Series - Intermediate I | V4, V5-",https://www.youtube.com//watch?v=Rt5pcOUZNUA&pp=ygULY2xpbWJpbmcgdjU%3D,climbing v5,736
Geek Climber,Systematic Approach to Climbing all V5s/V6s (6C/7A) in My Gym Explained,https://www.youtube.com//watch?v=O9hXpOhSE74&pp=ygULY2xpbWJpbmcgdjU%3D,climbing v5,349
Catalyst Climbing,Pro Coach Takes V5 Climber to V8 in One Session?,https://www.youtube.com//watch?v=rbxr9Ad2oq8&pp=ygULY2xpbWJpbmcgdjU%3D,climbing v5,1468
Send Edition,How To Train For Climbing V4-V5: 5 Drills to develop technique and strength,https://www.youtube.com//watch?v=sPpJLDRsO_4&pp=ygULY2xpbWJpbmcgdjU%3D,climbing v5,407
Catalyst Climbing,What's The Difference Between a V5 and V13 Climber? (in-depth comparison),https://www.youtube.com//watch?v=nH-CakGUo7g&pp=ygULY2xpbWJpbmcgdjU%3D,climbing v5,1431
Josh Rundle,Strength Compared V15 to V5. What‚Äôs the Difference?,https://www.youtube.com//watch?v=qqHskaq6RZY&pp=ygULY2xpbWJpbmcgdjU%3D,climbing v5,1726
Movement for Climbers,"Bouldering Progression Series - Intermediate II | V5+, V6",https://www.youtube.com//watch?v=mXqTRLW1Z-A&pp=ygULY2xpbWJpbmcgdjU%3D,climbing v5,596
Casual Climbs,What it takes to Climb a V5 for the Average Climber,https://www.youtube.com//watch?v=RCxGEs83ZvM&pp=ygULY2xpbWJpbmcgdjU%3D,climbing v5,581
Josh Rundle,8c Climber Takes V5 Climber to V7 in One Session,https://www.youtube.com//watch?v=A6wlT5xaQrk&pp=ygULY2xpbWJpbmcgdjU%3D,climbing v5,1025
Movement for Climbers,Fixed Her Feet & Her Hands Got Stronger | Coaching Session (V4-V5 Climber),https://www.youtube.com//watch?v=LVi9SjMEIf8&pp=ygULY2xpbWJpbmcgdjU%3D,climbing v5,1140
Hannah Morris Bouldering,BIGGEST MISTAKES Coach Louis Sees at Every Grade (V0-V9+),https://www.youtube.com//watch?v=h5Oxp9qujeE&pp=ygULY2xpbWJpbmcgdjU%3D,climbing v5,1875
Magnus Midtb√∏,Teaching beginner how to go from V0 to V5 in one session   |   Zach King,https://www.youtube.com//watch?v=Pcse5i0SobU&pp=ygULY2xpbWJpbmcgdjU%3D,climbing v5,1349
Send Edition,Are You Flashing V3's? Now Focus On This | Technique for V4-V5 Progression,https://www.youtube.com//watch?v=ucdAQA5MYfI&pp=ygULY2xpbWJpbmcgdjU%3D,climbing v5,437
Movement for Climbers,Bouldering Progression Series - Advanced | V7,https://www.youtube.com//watch?v=mhOVs5-rTFE&pp=ygULY2xpbWJpbmcgdjU%3D,climbing v5,650
Hannah Morris Bouldering,FOOTWORK Masterclass for Beginners to Intermediate Climbers | V0-V5,https://www.youtube.com//watch?v=wl4cPC1u6zo&pp=ygULY2xpbWJpbmcgdjU%3D,climbing v5,1704
bossclimbs,From V5 Plateau to first Moonboard V8 in 4 months: My Training Strategy (hint: body tension!),https://www.youtube.com//watch?v=UuSbR1vxkTE&pp=ygULY2xpbWJpbmcgdjU%3D,climbing v5,1054
Stephen Tvedt Climbing,Progression to V5 - One Year Climbing,https://www.youtube.com//watch?v=S04c1uZIApY&pp=ygULY2xpbWJpbmcgdjU%3D,climbing v5,769
Magnus Midtb√∏,Hollywood Movie Star tries to climb V5   //    Brett Dier,https://www.youtube.com//watch?v=L2W-m1K4Lio&pp=ygULY2xpbWJpbmcgdjU%3D,climbing v5,1433
Hannah Morris Bouldering,Can we climb this V5 in only 3 attempts? | girls session at Volume 1,https://www.youtube.com//watch?v=Lt0ruhX_XQQ&pp=ygULY2xpbWJpbmcgdjU%3D,climbing v5,415
Hannah Morris Bouldering,My bouldering technique isn't what it used to be! | V4 to V6 climb with me,https://www.youtube.com//watch?v=JTXzCgJ90-I&pp=ygULY2xpbWJpbmcgdjU%3D,climbing v5,601
The Stoke,Sending his First V5!! || Bouldering Session,https://www.youtube.com//watch?v=87Xkmx0nRSY&pp=ygULY2xpbWJpbmcgdjU%3D,climbing v5,1085
Wither,me climbing v5-6 probably 5,https://www.youtube.com//watch?v=sviqMpKTVYk&pp=ygULY2xpbWJpbmcgdjU%3D,climbing v5,66
Audrey Foronda,Bishop Bouldering (Sad Boulders) - Molly (V5),https://www.youtube.com//watch?v=PZ_kw6CqcUo&pp=ygULY2xpbWJpbmcgdjU%3D,climbing v5,78
MadBoulder,"Riverfront, V5. Cumberland",https://www.youtube.com//shorts/UgmaPq7UA5I,climbing v5,31
Climbing Diary,Pink V5 Slack #3,https://www.youtube.com//shorts/pFFvxqjYjYQ,climbing v5,53
Shane Durkin,"Raisinette V5 ""30 Degrees"" #bouldering #climbing #kilterboard",https://www.youtube.com//shorts/JtNxijwJmn8,climbing v5,16
Alex Riegel,Just how the setter‚Äôs intendedüòÇ V5 #bouldering #climbing,https://www.youtube.com//shorts/vNAdOiqniiI,climbing v5,35
Lattice Training,Your Biggest Climbing Mistakes FIXED - V0-V4,https://www.youtube.com//watch?v=zxW-b2pFu5U&pp=ygULY2xpbWJpbmcgdjU%3D,climbing v5,327
Magnus Midtb√∏,Testing my limit  -  Indoor 8B+ boulder,https://www.youtube.com//watch?v=tIE_nJWmXB0&pp=ygULY2xpbWJpbmcgdjU%3D,climbing v5,907
Hannah Morris Bouldering,The best climbing gym in Leeds? a V4/V5 session at Last Sun Dance,https://www.youtube.com//watch?v=1A2uqkIWmyc&pp=ygULY2xpbWJpbmcgdjU%3D,climbing v5,1113
Bryan's Bomber Beta,How to TRAIN for CLIMBING as a Beginner - [Bouldering V0 to V5],https://www.youtube.com//watch?v=W9gkuzUQgY0&pp=ygULY2xpbWJpbmcgdjU%3D,climbing v5,320
Hooper's Beta,From V0 to V5 in His First Month of Climbing... Is it Safe? | Viewer Questions,https://www.youtube.com//watch?v=lc_6GnUYNXQ&pp=ygULY2xpbWJpbmcgdjU%3D,climbing v5,997
Josh Rundle,How this Climber Went from V0 to V15 in 5 Years,https://www.youtube.com//watch?v=vhbylGnMbfk&pp=ygULY2xpbWJpbmcgdjU%3D,climbing v5,1543
Hannah Morris Bouldering,A session at Rock Over climbing gym | VB - V5,https://www.youtube.com//watch?v=INJiBfpsq3I&pp=ygULY2xpbWJpbmcgdjU%3D,climbing v5,689
Paul Bird,"Climbing v4 v5 v6 v7, tips, technique, bouldering",https://www.youtube.com//watch?v=xr5V4Lt-hqU&pp=ygULY2xpbWJpbmcgdjU%3D,climbing v5,332
Casual Climbs,This is a V5 Climbing Move,https://www.youtube.com//watch?v=1W1lkVeYOYY&pp=ygULY2xpbWJpbmcgdjU%3D,climbing v5,339
Hannah Morris Bouldering,Instantly improve your SLOPERS with these pro climbing techniques,https://www.youtube.com//watch?v=IDG1o_XNMJc&pp=ygULY2xpbWJpbmcgdjU%3D,climbing v5,1752
Kilter Climbing Grips,Keenan Takahashi turns a V5 into V15,https://www.youtube.com//watch?v=mbkFenYdPwg&pp=ygULY2xpbWJpbmcgdjU%3D,climbing v5,794
Loi Duong Jr.,V6 to V14 Strength in 30 Minutes | My Climbing Warm Up,https://www.youtube.com//watch?v=3gZGFJIYBIY&pp=ygULY2xpbWJpbmcgdjY%3D,climbing v6,715
Bryan's Bomber Beta,How to TRAIN for CLIMBING as an Intermediate - [Bouldering V6 to V8],https://www.youtube.com//watch?v=j8t2_oJTF88&pp=ygULY2xpbWJpbmcgdjY%3D,climbing v6,652
Catalyst Climbing,V6 to V11 Project Circuit (Every bloc),https://www.youtube.com//watch?v=m-VR93-amTg&pp=ygULY2xpbWJpbmcgdjY%3D,climbing v6,1114
Bryan's Bomber Beta,Why You're Stuck at V6 in 6 Minutes - Intermediate to Advanced Climber,https://www.youtube.com//watch?v=iujJm9iksfg&pp=ygULY2xpbWJpbmcgdjY%3D,climbing v6,398
Geek Climber,V11 (8A) Climber Coaches Me to Climb a Tricky V6 (7A) with 2 Tips,https://www.youtube.com//watch?v=gyaKE3H5Dso&pp=ygULY2xpbWJpbmcgdjY%3D,climbing v6,371
Kevin Wang,@Jake-Ang + Kevin - V6 flash and V7/8 send train - @VITALClimbingGym Brooklyn,https://www.youtube.com//watch?v=AAjfpS-qnr0&pp=ygULY2xpbWJpbmcgdjY%3D,climbing v6,435
Hannah Morris Bouldering,V6 vs V9 vs V11 Climbers COMPARED Indoor Bouldering,https://www.youtube.com//watch?v=3__ctMw5a_E&pp=ygULY2xpbWJpbmcgdjY%3D,climbing v6,1653
Break the Resistance,Climbed my first V6 || Lattice Training Goal Achieved!,https://www.youtube.com//watch?v=0nZOroyzuXA&pp=ygULY2xpbWJpbmcgdjY%3D,climbing v6,318
ANNA DAVEY Climbing and Fitness,COACHING INTERMEDIATE CLIMBERS - Episode 3 - Tenille takes on V6's,https://www.youtube.com//watch?v=hsdaTcX3_vY&pp=ygULY2xpbWJpbmcgdjY%3D,climbing v6,1197
rockentry,From V0 to V6 Climber in 3 Years!,https://www.youtube.com//watch?v=FfX4fYIdudk&pp=ygULY2xpbWJpbmcgdjY%3D,climbing v6,982
Emil Abrahamsson,"What‚Äôs the difference between a V6, V10 and V15 climber?",https://www.youtube.com//watch?v=NAXANh3YVck&pp=ygULY2xpbWJpbmcgdjY%3D,climbing v6,1474
Mike Boyd,I've never climbed before. How long till I can climb a 6c? (5.11),https://www.youtube.com//watch?v=4upvesrv4vg&pp=ygULY2xpbWJpbmcgdjY%3D,climbing v6,868
Hannah Morris Bouldering,Climb my bouldering project with me! V6-V8,https://www.youtube.com//watch?v=8RqnLsZhRrw&pp=ygULY2xpbWJpbmcgdjY%3D,climbing v6,856
Josh Rundle,How this Climber Went from 6a to 9a in 6 Years,https://www.youtube.com//watch?v=lkiifTGdW9A&pp=ygULY2xpbWJpbmcgdjY%3D,climbing v6,1497
Connective Climbing,Tips that helped me break out of V5‚Äôs and start climbing V6‚Äôs!,https://www.youtube.com//shorts/RSnvN46Atu4,climbing v6,43
JJ ClimbingLife,Drew was so close on this orange V6-V8 ü§© #ssa,https://www.youtube.com//watch?v=FC__Dg_1mYQ&pp=ygULY2xpbWJpbmcgdjY%3D,climbing v6,111
Just Climbing,Squamish Bouldering - Majestic (V6),https://www.youtube.com//watch?v=Fm5nXDYFfDg&pp=ygULY2xpbWJpbmcgdjY%3D,climbing v6,89
BoulderingBabe,Slab climb got me #nervous every single time - V6-8,https://www.youtube.com//watch?v=nLiFBYIlM_w&pp=ygULY2xpbWJpbmcgdjY%3D,climbing v6,94
bskyip,Chill Cave Climbüßóüèª#climbing #bouldering #shorts,https://www.youtube.com//shorts/aQYHOdo7tzc,climbing v6,40
MoClimbs,V6/7 Itsy Bitsy Spider,https://www.youtube.com//shorts/x42i5ABVGsU,climbing v6,60
Sahand & Akane,MoonBoard Training As A Short Female Climber | V6 (7A) Benchmark | Climbing Strength/Power Training,https://www.youtube.com//watch?v=SsfWgksXr6w&pp=ygULY2xpbWJpbmcgdjY%3D,climbing v6,1144
White Tags Only,V6 with super tension moves #bouldering #climbing #indoorclimbing,https://www.youtube.com//shorts/kvEZhallBXU,climbing v6,47
Olivia,One year of female bouldering progression | V0 to V6,https://www.youtube.com//watch?v=eoojIU7WPuM&pp=ygULY2xpbWJpbmcgdjY%3D,climbing v6,1547
Mani the Monkey,From V7 to V10 in 6 Weeks,https://www.youtube.com//watch?v=OblBCESg2AM&pp=ygULY2xpbWJpbmcgdjY%3D,climbing v6,259
Bouldering Bobat,Worlds Hardest V6? ||  1% chance to do this climb!,https://www.youtube.com//watch?v=FWiXiX8S3Io&pp=ygULY2xpbWJpbmcgdjY%3D,climbing v6,948
bossclimbs,Mental Training for Climbing | How training my EYES helped me send V6,https://www.youtube.com//watch?v=X0Lc7zUa-Vc&pp=ygULY2xpbWJpbmcgdjY%3D,climbing v6,535
rockentry,Bouldering v4 to v6: 3 different types of problems,https://www.youtube.com//watch?v=ire5_jgohkY&pp=ygULY2xpbWJpbmcgdjY%3D,climbing v6,223
Shirtless Bros,V6/7A Boulder Problem #bouldering #shorts #climbing,https://www.youtube.com//shorts/-_Bw1kLn-a0,climbing v6,42
Beta Impossible,A legal but inelegant solution. V4-V6‚ö°Ô∏è #bouldering #climbing #boulderinggym #ssab,https://www.youtube.com//shorts/hGGJ2FgB_S4,climbing v6,27
Snadker,Dancing v6 #bouldering #climbing #indoorclimbing #boulder #climb,https://www.youtube.com//shorts/ZWM_3FypkaU,climbing v6,29
rockentry,V7 Bouldering Climbs at SENDER ONE Climbing Gym: One Session,https://www.youtube.com//watch?v=hBubUPI2ilo&pp=ygULY2xpbWJpbmcgdjc%3D,climbing v7,376
Spicy Blazing Asian,Alex Honnold Climbing A V7 EASY @ Movement LP Chicago,https://www.youtube.com//watch?v=LoILfnviiBM&pp=ygULY2xpbWJpbmcgdjc%3D,climbing v7,64
Geek Climber,How I Broke Through a 7-Year Plateau to Climb My First V7 (7A+),https://www.youtube.com//watch?v=ednuw6Td5sw&pp=ygULY2xpbWJpbmcgdjc%3D,climbing v7,320
Mikey K,The Best V7 in the Gym - Route Analysis          #climbing #bouldering #analysis,https://www.youtube.com//watch?v=XvC2IbHTgAE&pp=ygULY2xpbWJpbmcgdjc%3D,climbing v7,154
Miguel Climbs,V7 Climber Tries a V14 Boulder - ft. Kai Whaley and more,https://www.youtube.com//watch?v=UKmD696o_Qw&pp=ygULY2xpbWJpbmcgdjc%3D,climbing v7,599
rockentry,Learn to Climb a V8/7B Boulder Problem with me ( SCORPION Dynamic Move Crux ),https://www.youtube.com//watch?v=E8CtCg5B4LE&pp=ygULY2xpbWJpbmcgdjc%3D,climbing v7,736
Hannah Morris Bouldering,Focussing on CLIMBING TECHNIQUE to improve my session | V0 - V7,https://www.youtube.com//watch?v=Ti-hr1uxb_E&pp=ygULY2xpbWJpbmcgdjc%3D,climbing v7,1155
Tom O'Halloran,Olympic climber VS 'impossible' V7 benchmark,https://www.youtube.com//watch?v=uvtlgst1zAo&pp=ygULY2xpbWJpbmcgdjc%3D,climbing v7,482
JPR,V7/8 white climb - Hardest climb I've done yet!,https://www.youtube.com//watch?v=ga1OTAxooAM&pp=ygULY2xpbWJpbmcgdjc%3D,climbing v7,85
Bryan's Bomber Beta,7 Tips to CLIMB Your First V7 in 7 Minutes - Bouldering Tips & Tricks,https://www.youtube.com//watch?v=rt3HxDUDg1Q&pp=ygULY2xpbWJpbmcgdjc%3D,climbing v7,431
Josh Rundle,V10 Climber +20kg VS V7 Climber,https://www.youtube.com//watch?v=__Acyfl6EPI&pp=ygULY2xpbWJpbmcgdjc%3D,climbing v7,1149
Cheng is Always Climbing,V7 to V10 in 9 Months,https://www.youtube.com//watch?v=tX-3dhX3ir4&pp=ygULY2xpbWJpbmcgdjc%3D,climbing v7,560
Jonathan Sin ÂÜºÊ¥õÊ≠£ Climbing,V0-V7 IN 1 YEAR     (Bouldering Progression),https://www.youtube.com//watch?v=TfBx43w9zDU&pp=ygULY2xpbWJpbmcgdjc%3D,climbing v7,389
Vertical South Climbing,How to Route Set - Routesetting V7 Boulder Problems,https://www.youtube.com//watch?v=Iam8ZixBnK8&pp=ygULY2xpbWJpbmcgdjc%3D,climbing v7,1134
Nathan Betts,V3 - V7 at Manchester Climbing Depot | Training for Fontainebleau,https://www.youtube.com//watch?v=ZtNng7LsiQU&pp=ygULY2xpbWJpbmcgdjc%3D,climbing v7,807
Miguel Climbs,Ep. 65 - Red Rock Bouldering - My Tan V7/Mr. Moran V7/Porkchop V3,https://www.youtube.com//watch?v=yt79QirNOv4&pp=ygULY2xpbWJpbmcgdjc%3D,climbing v7,774
Andrew MacFarlane,Climb V7 In A Month,https://www.youtube.com//watch?v=KhtJVPxRxxo&pp=ygULY2xpbWJpbmcgdjc%3D,climbing v7,802
Geek Climber,Climbing an ICONIC V7 (7A+) in 4 days (Dealing with Time Pressure!),https://www.youtube.com//watch?v=IBiH20lgQNs&pp=ygULY2xpbWJpbmcgdjc%3D,climbing v7,350
Chris Arnold,"Ol' Curmudgeon (V7), Rabbit Mountain, Colorado Bouldering",https://www.youtube.com//shorts/11qK7kS_94s,climbing v7,52
Shorty Climbing Beta,"A Sample of Font V7 - Pawtuckaway, NH",https://www.youtube.com//shorts/6Li9NTeA3Fg,climbing v7,30
Send Edition,I Climbed My First V7 In Just 7 Weeks! Here's How I Did It,https://www.youtube.com//watch?v=u16oKfRB4Dc&pp=ygULY2xpbWJpbmcgdjc%3D,climbing v7,976
Matti Puckridge,Seven Sydney Sevens - A bouldering tick list for those that climb V7,https://www.youtube.com//watch?v=_R6tTb3nzDg&pp=ygULY2xpbWJpbmcgdjc%3D,climbing v7,421
Miguel Climbs,Working The Dirty Rail V7,https://www.youtube.com//watch?v=FTFNjsRhyf4&pp=ygULY2xpbWJpbmcgdjc%3D,climbing v7,679
Dominika Kolarova,Ep. 16 My Strength Training to 7B (V8)- Testing a new training protocol,https://www.youtube.com//watch?v=P_IjpCPqAEQ&pp=ygULY2xpbWJpbmcgdjc%3D,climbing v7,598
rockentry,FIRST EVER! V7 Outdoors After 3 Years of Climbing ( Bubble Butt ) - Day 1,https://www.youtube.com//watch?v=YhwpY4Or-YU&pp=ygULY2xpbWJpbmcgdjc%3D,climbing v7,408
rockentry,Took 5 Years to Climb my First V10 ( 7C+ ),https://www.youtube.com//watch?v=agXHnV4Rx_M&pp=ygULY2xpbWJpbmcgdjc%3D,climbing v7,796
ANNA DAVEY Climbing and Fitness,KILTER BOARD - ADRENALINE VAULT REVAMP - V7'S,https://www.youtube.com//watch?v=XF-tktkD71Q&pp=ygULY2xpbWJpbmcgdjc%3D,climbing v7,904
Miguel Climbs,Jam PACKED Climbing WKD - Dirty Rail V7 and Red Rock Rehab - Sunday Sends Ep 103 - Refuge Climb,https://www.youtube.com//watch?v=XGwJn3l6Jw4&pp=ygULY2xpbWJpbmcgdjc%3D,climbing v7,734
Psychi,Can Sam Mawson climb the entire V5-V7 set at The Depot | Psychi,https://www.youtube.com//watch?v=9H6fJt5KTiY&pp=ygULY2xpbWJpbmcgdjc%3D,climbing v7,718
andyliu84,Black Mountain Bouldering: Tour de France (V7),https://www.youtube.com//watch?v=8KJdZb8yG7o&pp=ygULY2xpbWJpbmcgdjc%3D,climbing v7,44
Stianseba_,Sent my first V7!!!,https://www.youtube.com//shorts/ZhLArYIR9vA,climbing v7,55
rockentry,ÎÇòÏôÄ Ìï®Íªò V8/7B Î≥ºÎçî Î¨∏Ï†ú Îì±Î∞ò Î∞©Î≤ï Î∞∞Ïö∞Í∏∞(SCORPION Dynamic Move Crux),https://www.youtube.com//watch?v=E8CtCg5B4LE&pp=ugMICgJrbxABGAHKBQtjbGltYmluZyB2OA%3D%3D,climbing v8,736
Keeoh+,can i still climb v8 after a YEAR?,https://www.youtube.com//watch?v=zVAABL09ZkU&pp=ygULY2xpbWJpbmcgdjg%3D,climbing v8,759
HoseokClimb,V8ÍπåÏßÄÏùò ÏïîÎ≤Ω Îì±Î∞ò ÌõàÎ†® Î£®Ìã¥ Í≥µÍ∞ú(Ï¥àÍ∏â~Ï§ëÍ∏â),https://www.youtube.com//watch?v=IHHEKcfVIsg&pp=ugMICgJrbxABGAHKBQtjbGltYmluZyB2OA%3D%3D,climbing v8,1434
beta boi brandon,INTERMEDIATE Climbing Drills that got me past V8,https://www.youtube.com//watch?v=f1J5sENPVUM&pp=ygULY2xpbWJpbmcgdjg%3D,climbing v8,568
Francis Lao,Climbing Progression: V4 Plateau to First Outdoor V8 in 6 months,https://www.youtube.com//watch?v=a4zcQSZn4qg&pp=ygULY2xpbWJpbmcgdjg%3D,climbing v8,502
Bryan's Bomber Beta,Ï§ëÍ∏âÏûêÎ°úÏÑú Îì±Î∞ò ÌõàÎ†® Î∞©Î≤ï - [Î≥ºÎçîÎßÅ V6 - V8],https://www.youtube.com//watch?v=j8t2_oJTF88&pp=ugMICgJrbxABGAHKBQtjbGltYmluZyB2OA%3D%3D,climbing v8,652
REEL ROCK,World's Hardest Flash - Adam Ondra Climbs 5.15 (9a+) First Try,https://www.youtube.com//watch?v=b6OvrRbGU68&pp=ygULY2xpbWJpbmcgdjg%3D,climbing v8,637
bossclimbs,V5 PlateauÏóêÏÑú 4Í∞úÏõî ÎßåÏóê Ï≤´ Moonboard V8ÍπåÏßÄ: ÎÇòÏùò ÌõàÎ†® Ï†ÑÎûµ(ÌûåÌä∏: Ïã†Ï≤¥ Í∏¥Ïû•!),https://www.youtube.com//watch?v=UuSbR1vxkTE&pp=ugMICgJrbxABGAHKBQtjbGltYmluZyB2OA%3D%3D,climbing v8,1054
Will Cornell,A Highly Curated Collection Of New England Boulders,https://www.youtube.com//watch?v=4kpI9ZcLNco&pp=ygULY2xpbWJpbmcgdjg%3D,climbing v8,634
Magnus Midtb√∏,Only Hard Bouldering!,https://www.youtube.com//watch?v=vcRBT9Q9jXM&pp=ygULY2xpbWJpbmcgdjg%3D,climbing v8,837
Lattice Training,Î≥ºÎçîÎßÅÏùÑ Îçî Ïó¥Ïã¨Ìûà ÌïòÍ∏∞ ÏúÑÌïú 6Í∞ÄÏßÄ ÌåÅ! V9Ïóê ÎèÑÎã¨,https://www.youtube.com//watch?v=x6XKOUDn0Z8&pp=ugMICgJrbxABGAHKBQtjbGltYmluZyB2OA%3D%3D,climbing v8,307
ROAP Coaching,Want to see the real differences between a pro and V8 climber?,https://www.youtube.com//watch?v=l6uVLRf7zns&pp=ygULY2xpbWJpbmcgdjg%3D,climbing v8,1173
Magnus Midtb√∏,ÎÇòÏùò ÌïúÍ≥Ñ ÌÖåÏä§Ìä∏ - Ïã§ÎÇ¥ 8B+ Î∞îÏúÑ,https://www.youtube.com//watch?v=tIE_nJWmXB0&pp=ugMICgJrbxABGAHKBQtjbGltYmluZyB2OA%3D%3D,climbing v8,907
PeterBjorck,Hillclimb V8 Liwa Up to 3600hp!,https://www.youtube.com//watch?v=uEY49uRW69Q&pp=ygULY2xpbWJpbmcgdjg%3D,climbing v8,576
Emil Abrahamsson,V1ÏóêÏÑú V8ÍπåÏßÄÏùò Comp Boulders,https://www.youtube.com//watch?v=tziu4mSbJ0c&pp=ugMICgJrbxABGAHKBQtjbGltYmluZyB2OA%3D%3D,climbing v8,1065
Climb Refine,Intermediate Climber Trying V4 to V8 Boulders | POV Bouldering,https://www.youtube.com//watch?v=0gPPn6lKa98&pp=ygULY2xpbWJpbmcgdjg%3D,climbing v8,915
Catalyst Climbing,Can Pro Coach Help Climber Reach V8? (ft. @hannahmorrisbouldering),https://www.youtube.com//watch?v=NpJj8SwP5DY&pp=ygULY2xpbWJpbmcgdjg%3D,climbing v8,1154
Alex Lamas,Purple v8 at Movement Grapevine #bouldering #climbing #rockclimbing,https://www.youtube.com//shorts/j4CuKbramLI,climbing v8,18
Jessy Ware,Yogi Variation v8 in Joshua Tree. #climbing #rockclimbing #bouldering #climb #calisthenics #fitness,https://www.youtube.com//shorts/Ol9S76rcIjM,climbing v8,60
Connective Climbing,Blue boulders at Movement Climbing Gyms are V8-10 #climbing #bouldering,https://www.youtube.com//shorts/mIYrNs59tPE,climbing v8,33
MPZRACEVIDEO,"V8 Sounds Vol. 1 Hillclimb Bergrennen Oberhallau 2010 - very fast Dodge Duster, Chevy Camaro",https://www.youtube.com//watch?v=pufZnicNKc0&pp=ygULY2xpbWJpbmcgdjg%3D,climbing v8,150
Benjamin Tan Yong Wei,"""Rastaman"" @ 40¬∞ 7B/V8 on the Kilter Board | Climbing Bouldering",https://www.youtube.com//shorts/pNlqOzhRTrM,climbing v8,36
Girl Beta,"Bishop Bouldering - Moonraker, V8",https://www.youtube.com//watch?v=FGd3wtJWXo0&pp=ygULY2xpbWJpbmcgdjg%3D,climbing v8,81
The George Cameron,This V8 boulder ISN'T what you think!!! #bouldering #climbing #clips #trending #sports #extreme #4k,https://www.youtube.com//shorts/RQGirlcO5aY,climbing v8,33
BadWater Bouldering,"Highballing Requires Perfect Weather - Built to Last (v8) - Gold Bar, WA  #climbing #bouldering",https://www.youtube.com//shorts/M3a5vy3uyPk,climbing v8,59
Space Climbing ,NUEVO video ESCALANDO un 7b/V8 en ROCA #climber #climbing #bouldering,https://www.youtube.com//shorts/3LACaYj_W3k,climbing v8,32
MisterClimber,Beta Break FTW (V6 to V8) #climbing #bouldering,https://www.youtube.com//shorts/RpkEc7NpvDs,climbing v8,30
LNL CLIMBING,Sick V8 Dyno at Adam Ondra's gym üòéü§ô #bouldering #climbing #indoorclimbing #dyno,https://www.youtube.com//shorts/dBWMi7g3yXo,climbing v8,21
Chris Deal ,"Pocket Hercules V8, Sandstone MN #bouldering #climbing",https://www.youtube.com//shorts/CO6nEon9Bp0,climbing v8,42
MisterClimber,When your fit non climber friend tries climbing (V2 to V4 rated),https://www.youtube.com//shorts/Fj2pZQeh7cw,climbing v8,45
Nugg Opps,Kilter Campus Kilter Board Ascent (V8) #bouldering #kilterboard #climbing #climb #rockclimbing,https://www.youtube.com//shorts/H9xXQLixFjg,climbing v8,14
BadWater Bouldering,Gym climbing is so hard! This v8 tricked me! #climbing #bouldering #indoorclimbing,https://www.youtube.com//shorts/P_cxsbVkzng,climbing v8,33
UpHold - Climbing & Fitness,Awesome / Fun Indoor Climbing Session with V2-V8 Boulders at Rockmill Climbing,https://www.youtube.com//watch?v=XD8qRDD5Jsw&pp=ygULY2xpbWJpbmcgdjg%3D,climbing v8,345
SOFT CLIMBS,RAINDANCE V8 #bouldering #climbing #4kstatus #youtube #breakingnews #edit #4k,https://www.youtube.com//shorts/bsfpJWm5t0Y,climbing v8,23
Chris Deal ,Fargo Climbing Endurance V7/V8,https://www.youtube.com//watch?v=n_vUYWxB3S8&pp=ygULY2xpbWJpbmcgdjg%3D,climbing v8,62
Catalyst Climbing,How many V8+ boulders can Louis do in 90 minutes??,https://www.youtube.com//watch?v=yLq_gR1g80g&pp=ygULY2xpbWJpbmcgdjg%3D,climbing v8,1446
nicknote,Kept Barndooring on this V8 #bouldering #climb #climbing #movement #heelhook #fortworth #parkour,https://www.youtube.com//shorts/tA3r8zwbnJ8,climbing v8,20
CountryClimbing,V8! #outdoors #wow #awesome #climb #climbing #tough #foryou #fyp,https://www.youtube.com//shorts/lsJbwwrftBo,climbing v8,48
Magnus Midtb√∏,teaching Ludwig how to climb V9,https://www.youtube.com//watch?v=wL8PjCaJnAA&pp=ygULY2xpbWJpbmcgdjk%3D,climbing v9,1054
Lattice Training,6 Tips To Bouldering Harder! Reach V9,https://www.youtube.com//watch?v=x6XKOUDn0Z8&pp=ygULY2xpbWJpbmcgdjk%3D,climbing v9,307
Bouldering Bobat,V9 is V HARD || Is it possible?,https://www.youtube.com//watch?v=5aSlHsEIw_g&pp=ygULY2xpbWJpbmcgdjk%3D,climbing v9,798
Bryan's Bomber Beta,How to TRAIN for CLIMBING as Advanced - [Bouldering V9 to V11],https://www.youtube.com//watch?v=dgfYtSHTo2c&pp=ygULY2xpbWJpbmcgdjk%3D,climbing v9,490
Magnus Midtb√∏,humiliated by the best boulderer in the world   //  Shawn Raboutou,https://www.youtube.com//watch?v=5BiC-ypXGLU&pp=ygULY2xpbWJpbmcgdjk%3D,climbing v9,1083
Magnus Midtb√∏,This boulder took me days to complete!,https://www.youtube.com//watch?v=sMkRijm5qGs&pp=ygULY2xpbWJpbmcgdjk%3D,climbing v9,1543
Willy Climbs,‚ÄúV9 or Harder‚Äù ü§ì #bouldering #climbing #shorts,https://www.youtube.com//shorts/iu2jzmpk--U,climbing v9,17
Catalyst Climbing,Louis fights for a V9,https://www.youtube.com//watch?v=rtHDchIBNqc&pp=ygULY2xpbWJpbmcgdjk%3D,climbing v9,594
Miguel Climbs,Jabberwocky V9 - Red Rock Bouldering feat. Devin Meade,https://www.youtube.com//watch?v=OHHr9a2JRAY&pp=ygULY2xpbWJpbmcgdjk%3D,climbing v9,499
BadWater Bouldering,Top 10 v5-v9 Bishop Climbs (1000 SUB CELEBRATION),https://www.youtube.com//watch?v=mfqfA40MSWo&pp=ygULY2xpbWJpbmcgdjk%3D,climbing v9,611
WOAH Climbing,MY LONGEST PROJECT EVER?!  Pup fiction v9,https://www.youtube.com//watch?v=6755897rzRI&pp=ygULY2xpbWJpbmcgdjk%3D,climbing v9,381
BadWater Bouldering,"How To: Insane Dyno! - Taurine (v9) Red Rocks, NV.  #bouldering #climbing #redrocks",https://www.youtube.com//shorts/3dL4do2udrY,climbing v9,56
Miguel Climbs,Ep. 68- My Hardest Project Yet -WRECKED on this V9 Boulder - Bit** Slap 5 V9 Red Rock Bouldering,https://www.youtube.com//watch?v=Q6MAc48RRGo&pp=ygULY2xpbWJpbmcgdjk%3D,climbing v9,820
andyliu84,Moe's Valley Bouldering: Lindner's Roof (V9),https://www.youtube.com//watch?v=5Af3dQ1IhRY&pp=ygULY2xpbWJpbmcgdjk%3D,climbing v9,59
Rusty,My First V9!!! #bouldering #climbing #boulderinggym #climbinggym #indoorclimbing #rockclimbing #v9,https://www.youtube.com//shorts/zLtZcdaBPZY,climbing v9,53
self.guided,"Stiff as a Board V9 - West Mountain, Hueco Tanks",https://www.youtube.com//watch?v=I-vq2eZK53g&pp=ygULY2xpbWJpbmcgdjk%3D,climbing v9,88
Dane Ferolin,‚ÄúStretch‚Äù- 7C/V9 - Powerlinez Bouldering #bouldering #powerlinezbouldering #v9,https://www.youtube.com//shorts/SGqMBbBoUYU,climbing v9,23
Dane Ferolin,Kilter Board V9 @ 40 degrees #kilterboard #bouldering,https://www.youtube.com//shorts/VrhGReYGHyc,climbing v9,34
Smoki Bois Bouldering,Sam Duffy on Ko Chi Minh Trail (V9),https://www.youtube.com//watch?v=wP7dJjHgOJw&pp=ygULY2xpbWJpbmcgdjk%3D,climbing v9,168
JaybirdTV,Home Wall Climbing | V9 V8 V8 V8,https://www.youtube.com//watch?v=nWOb0MAYC7g&pp=ygULY2xpbWJpbmcgdjk%3D,climbing v9,706
August Climbing,Burden of Dreams V9 Replica: with the Fargo Climbing Crew,https://www.youtube.com//watch?v=XKVv2HvKjy8&pp=ygULY2xpbWJpbmcgdjk%3D,climbing v9,1798
Willy Climbs,Scary V9 #bouldering #climbing,https://www.youtube.com//shorts/uLm6dHKMSOY,climbing v9,26
Ludwig,Can 4 Guys Beat 1 Climbing Champion?,https://www.youtube.com//watch?v=QE-nO2-czUY&pp=ygULY2xpbWJpbmcgdjk%3D,climbing v9,888
Justin Cranmer,Monkey Far (V9) - Kraft Boulders - Red Rocks (NV) #bouldering #rockclimbing #dyno #climbing #v9,https://www.youtube.com//shorts/v8ZiQhmR9Ec,climbing v9,46
Eric Jerome,Wormwood V9 #climbing #bouldering #huecotanks #climb #rockclimbing #rockclimber #boulderinglife #v9,https://www.youtube.com//shorts/PVEZiIrONg8,climbing v9,60
BradfordBiffs,Brevity V9 Trigantor #climbing #bouldering,https://www.youtube.com//shorts/ChOAu7l0DIs,climbing v9,22
Emil Abrahamsson,8 years of training for this,https://www.youtube.com//shorts/_gwViuBcql0,climbing v9,46
Send Story,Climbing My First v9 / 3D Bouldering - BOULDER BREAKDOWN,https://www.youtube.com//watch?v=6TSZW47Ei2U&pp=ygULY2xpbWJpbmcgdjk%3D,climbing v9,657
Crushed Climbing,Serenity Amidst Chaos (V9/7C),https://www.youtube.com//watch?v=khOBynrr0MM&pp=ygULY2xpbWJpbmcgdjk%3D,climbing v9,94
ùïøùñçùñä ùïæùñúùñîùñóùñâ,Fluid Mechanic |V9/7| #rockclimbing #climbing #bouldering,https://www.youtube.com//shorts/HGjT-cGU2AA,climbing v9,48
Dane Ferolin,Kilter Board V9 @ 40 degrees #kilterboard #bouldering #v9,https://www.youtube.com//shorts/iYSrlwXyU1Q,climbing v9,35
Joseph Diaz,V10 Climber Attempts 7 Dynamic Climbing Moves,https://www.youtube.com//watch?v=cA_B0gj361A&pp=ygUMY2xpbWJpbmcgdjEw,climbing v10,730
treylitefm,Freak V10,https://www.youtube.com//watch?v=KIvlmUHLCes&pp=ygUMY2xpbWJpbmcgdjEw,climbing v10,58
Nugg Opps,Scrumptious Kilter Board Ascent (7c+/V10),https://www.youtube.com//shorts/UD8dW1rXkP0,climbing v10,26
rockentry,HOW I CLIMBED MY FIRST V10 PROJECT: Aggressive Drop Knee Crux,https://www.youtube.com//watch?v=fDP0YeuzxsU&pp=ygUMY2xpbWJpbmcgdjEw,climbing v10,505
Cheng is Always Climbing,10 Things I Did to Do My First V10 Boulder,https://www.youtube.com//watch?v=cNPjyeKx5XA&pp=ygUMY2xpbWJpbmcgdjEw,climbing v10,510
Beefy Boulders,Hoseok Lee going for a V10 and apologizing for sandbagging his benchmarks,https://www.youtube.com//watch?v=AqEWqbfuS-c&pp=ygUMY2xpbWJpbmcgdjEw,climbing v10,699
Bryan's Bomber Beta,10 Reasons You Haven't Climbed V10 (it's not what you're thinking),https://www.youtube.com//watch?v=IiL1pZ9VU4c&pp=ygUMY2xpbWJpbmcgdjEw,climbing v10,543
Featz,Preparing for V10 - Two Simple Training Tips,https://www.youtube.com//watch?v=JfcdRVj5Ub8&pp=ygUMY2xpbWJpbmcgdjEw,climbing v10,332
Girl Beta,"Bishop Bouldering - Evilution to the Lip, V10",https://www.youtube.com//watch?v=KGUzZswY7aY&pp=ygUMY2xpbWJpbmcgdjEw,climbing v10,80
Choss Media,First Ascent of Too Tall to Fall - V10,https://www.youtube.com//watch?v=fkJ9DJcgi9g&pp=ygUMY2xpbWJpbmcgdjEw,climbing v10,825
Beau Zawisza,Cromagination V10/7c+,https://www.youtube.com//shorts/n_AkwATSdZI,climbing v10,37
BadWater Bouldering,the PHYSICS of climbing v10,https://www.youtube.com//shorts/QEz0zDdIi4Q,climbing v10,60
berlagawesome,Climbing my First V10,https://www.youtube.com//shorts/0ThYrujGfJ8,climbing v10,44
BadWater Bouldering,"What do you call this? - Purple Haze (v10) - Red Rocks, NV  #climbing #bouldering",https://www.youtube.com//shorts/XVNkV6IZdPE,climbing v10,57
Steven Bergey,Aloha V10 - Morgan Run NEA,https://www.youtube.com//shorts/cdupebGzlPg,climbing v10,56
Calisthenics King,V10 NO MATCH CAMPUS üò§ Vic Finale F2 #bouldering #power #calisthenics shoutout to @nuggopps3372,https://www.youtube.com//shorts/E0AugBmVC1Q,climbing v10,18
Nugg Opps,Far Guest Kilter Board Ascent (7c+/V10),https://www.youtube.com//shorts/-FPfbiDOyFA,climbing v10,30
Willy Climbs,My First V10 In MONTHS #climbing #bouldering,https://www.youtube.com//shorts/ku2OF5rB-zM,climbing v10,29
George McAneny,Yo Ali! V10,https://www.youtube.com//shorts/y1NCpGTE4H4,climbing v10,60
Power Company Climbing,Climbing Movement: Micro Progressions | Kris on Full Service (V10),https://www.youtube.com//watch?v=LfHqW1BOpvQ&pp=ygUMY2xpbWJpbmcgdjEw,climbing v10,138
Psychi,Projecting a V10 boulder at Depot Pudsey | Psychi,https://www.youtube.com//watch?v=eamELWNWOXE&pp=ygUMY2xpbWJpbmcgdjEw,climbing v10,427
Willy Climbs,V10! TRC Setting is BACK #bouldering #climbing #shorts,https://www.youtube.com//shorts/Dalv_jhU5YE,climbing v10,56
JUSTPULLFILMS,Techy V10,https://www.youtube.com//shorts/lA_XRolF7XU,climbing v10,29
birdbones,"Small Ax - V10 - Putnam County, NY",https://www.youtube.com//watch?v=uOXq4QKQFC4&pp=ygUMY2xpbWJpbmcgdjEw,climbing v10,527
BadWater Bouldering,"Soaking wet moss, but you still have to send! - Mercedes (v10) - Gold Bar, WA  #climbing #bouldering",https://www.youtube.com//shorts/_wXxOfoI4to,climbing v10,59
Aaron Chan,Soy1 V10/7C+ at 40¬∞ #climbing,https://www.youtube.com//shorts/820r4nJGSpw,climbing v10,22
EpicTV Climbing Daily,8a Sport Climbing And V10 Boulder...Send Time | Climbing Daily Ep.1440,https://www.youtube.com//watch?v=llOKgPaM_m0&pp=ygUMY2xpbWJpbmcgdjEw,climbing v10,417
Daniel Gajda,Osiris v10 #climbing #bouldering #rockclimbing #climb,https://www.youtube.com//shorts/IvWKCWg1s8I,climbing v10,57
Giant Rock,I thought this climb was impossible - Activity Monkey V10 #shorts #climbing #bouldering,https://www.youtube.com//shorts/DPEnkZMEtnQ,climbing v10,30
beta breaker climbing ,"Kilterboard V10 ""Bhak and better than ever""#climbing #viral #shorts",https://www.youtube.com//shorts/_SpmZVAIGl0,climbing v10,24
Eric Karlsson Bouldering,Fredrik Is Crushing A V11 This Bouldering Session!,https://www.youtube.com//watch?v=l6Wj50D5KuM&pp=ygUMY2xpbWJpbmcgdjEx,climbing v11,255
BadWater Bouldering,"DREAM CLIMB... Evilution Direct (v11, 55ft) - Bishop, CA",https://www.youtube.com//watch?v=OXEhbsVXhy0&pp=ygUMY2xpbWJpbmcgdjEx,climbing v11,1247
Nina Williams,Nina Williams on Ambrosia (V11),https://www.youtube.com//watch?v=S_XqoAkkIWw&pp=ygUMY2xpbWJpbmcgdjEx,climbing v11,325
Ben Mayforth,Para Climber does 8A/V11 on Kilterboard-Rocampus,https://www.youtube.com//watch?v=eQcwNXfehzU&pp=ygUMY2xpbWJpbmcgdjEx,climbing v11,146
Hooper's Beta,Breakdown and Analysis of Evilution V11 in Bishop | Anatomy of the Climb,https://www.youtube.com//watch?v=C2e1jb3omlc&pp=ygUMY2xpbWJpbmcgdjEx,climbing v11,1561
Bryan's Bomber Beta,My Training Routine for Climbing V11/8A,https://www.youtube.com//watch?v=_cbRnGkRlbg&pp=ygUMY2xpbWJpbmcgdjEx,climbing v11,961
Eric Karlsson Bouldering,8A/V11 Bloc Down Climbing Jugs Only || Is It Possible?,https://www.youtube.com//watch?v=MiWM5u6znME&pp=ygUMY2xpbWJpbmcgdjEx,climbing v11,1399
Andrew MacFarlane,Classic Climbs In Magic Wood with Jon Partridge! | V5 to V11,https://www.youtube.com//watch?v=970V3nhQjU8&pp=ygUMY2xpbWJpbmcgdjEx,climbing v11,1105
Tristan Chen,Duel 8A/V11,https://www.youtube.com//watch?v=0c4ZCOP5b00&pp=ygUMY2xpbWJpbmcgdjEx,climbing v11,277
Emil Abrahamsson,8A/V11 First Ascent & Powerful Climbing,https://www.youtube.com//watch?v=vtD5tvWi7jA&pp=ygUMY2xpbWJpbmcgdjEx,climbing v11,941
Lattice Training,Is your grip strong enough? Finger strength Vs climbing ability,https://www.youtube.com//watch?v=BF6PdtL5EKQ&pp=ygUMY2xpbWJpbmcgdjEx,climbing v11,516
James Braithwaite,Wet Dream Right V11 (8A) My Hardest Climb Ever (With Hold Closeups) ‚Ä¢ Red Rock Bouldering (NV),https://www.youtube.com//watch?v=VjMhC4JTx8k&pp=ygUMY2xpbWJpbmcgdjEx,climbing v11,89
Peter Li,Rumbling Bald Bouldering - The Christian V11,https://www.youtube.com//watch?v=HtbLx6umxCA&pp=ygUMY2xpbWJpbmcgdjEx,climbing v11,52
Pablo ,The Ice Cave Climb- Wildhair V11,https://www.youtube.com//watch?v=ozOpa_vmlBY&pp=ygUMY2xpbWJpbmcgdjEx,climbing v11,197
Dan Andrei,Roof Climbing on the Bonneville Shoreline Trail: Paradise Biryani V11,https://www.youtube.com//watch?v=3V3XDny0z4I&pp=ygUMY2xpbWJpbmcgdjEx,climbing v11,91
REEL ROCK,‚ÄúI remember everything happening in slow motion‚Ä¶‚Äù Nina Williams falls on v11 highball #whipper,https://www.youtube.com//shorts/m0T693js9UU,climbing v11,51
Nina Williams,"First Ascent of Sundial (V11) in Roy, NM",https://www.youtube.com//watch?v=5UFKlA8jfNQ&pp=ygUMY2xpbWJpbmcgdjEx,climbing v11,88
Tension Climbing,"Tristan Chen sends ""Welcome to the Future"" V11 in Tahoe, California",https://www.youtube.com//watch?v=8jBIFVyx76I&pp=ygUMY2xpbWJpbmcgdjEx,climbing v11,54
RockCitizens,This Is Not a V11üò≠ #bouldering #climbing,https://www.youtube.com//shorts/YgLgRgKQZlM,climbing v11,25
andyliu84,Bishop Bouldering: Evilution Direct (V11),https://www.youtube.com//watch?v=Gte3o7a6N0w&pp=ygUMY2xpbWJpbmcgdjEx,climbing v11,217
Climbing World,üí£ Tomoa Narasaki OUTDOOR ROCK CLIMBING - [V11 FLASH],https://www.youtube.com//watch?v=EdZ_HK4rS58&pp=ygUMY2xpbWJpbmcgdjEx,climbing v11,736
Bouldering Breakdown,Climbing Techniques Review - V11 - Jade Rabbit,https://www.youtube.com//shorts/Ww-PPSCWg9c,climbing v11,58
Hari G,Ferrino footless ‚úÖ f8a / v11 #climbing #bouldering,https://www.youtube.com//shorts/hDGkbIV_gzg,climbing v11,21
Ben Mayforth,V11 work #v11 #paraclimbing #bouldering #training #fitness,https://www.youtube.com//shorts/5aq6hHn2Lts,climbing v11,32
Dave MacLeod,Side Hustle V11 first ascent,https://www.youtube.com//shorts/w24YIj6QSQM,climbing v11,43
Sam Rothstein,Dreamland V11,https://www.youtube.com//watch?v=G9jW-L8zxAk&pp=ygUMY2xpbWJpbmcgdjEx,climbing v11,50
UKClimbing,Highball Fall from Samson (Font 8A/V11)  #climbing #bouldering,https://www.youtube.com//shorts/YnqBwB4EwsU,climbing v11,56
Jorge Loredo,‚ÄúChung Li‚Äù V11 ü¶ß climbing through a roof!!,https://www.youtube.com//watch?v=gcVg6WEe3J4&pp=ygUMY2xpbWJpbmcgdjEx,climbing v11,86
Tension Climbing,"Roy Quanstrom sends ""King Tut"" V11 in Red Feather",https://www.youtube.com//watch?v=kSWIWgTvM-4&pp=ygUMY2xpbWJpbmcgdjEx,climbing v11,75
FrictionLabs,"FrictionLabs Pro and legally blind climber Justin Salas climbs Worm Turns, V11!",https://www.youtube.com//watch?v=pOHHCdUx_7M&pp=ygUMY2xpbWJpbmcgdjEx,climbing v11,61
